COUNTRY,Country,Year,"Agriculture, forestry, fisheries and veterinary",Arts and humanities,"Business, administration and law",Education,"Engineering, manufacturing and construction",Generic programmes and qualifications,Health and welfare,Information and Communication Technologies (ICTs),"Natural sciences, mathematics and statistics",Services,"Social sciences, journalism and information"
ARG,Argentina,2018,1.813,-4.357999999999999,6.795000000000002,-12.659999999999998,7.593000000000001,,-8.805,3.5820000000000003,1.896,2.0519999999999996,2.0920000000000005
AUS,Australia,2005,0.272,-4.127000000000001,4.1030000000000015,-6.988999999999999,10.629999999999999,0.0,-12.088000000000001,10.812,0.30400000000000027,0.3370000000000002,-3.2540000000000004
AUS,Australia,2010,0.3530000000000001,-2.7539999999999996,4.992000000000004,-5.893000000000001,10.992,0.0,-12.787000000000003,6.781000000000001,0.859,-0.014000000000000234,-2.5300000000000002
AUS,Australia,2011,0.484,-2.3840000000000003,4.829000000000001,-5.4110000000000005,11.52,0.0,-13.691,6.304,0.8290000000000002,-0.06899999999999995,-2.41
AUS,Australia,2012,0.271,-2.0709999999999997,4.814,-5.37,12.014000000000001,0.0,-14.257000000000001,5.958,0.9840000000000004,-0.009999999999999787,-2.3329999999999993
AUS,Australia,2013,0.244,-2.0540000000000003,5.122,-5.48,11.968,0.0,-14.256,5.66,1.1789999999999998,0.01100000000000012,-2.393
AUS,Australia,2014,0.247,-1.8260000000000005,5.158999999999999,-5.44,12.39,0.0,-15.075,5.890000000000001,1.2149999999999999,-0.23399999999999999,-2.3249999999999993
AUS,Australia,2015,0.11599999999999999,-2.4909999999999997,6.718999999999998,-6.334,11.099,0.0,-14.83,5.994,1.8099999999999996,0.5169999999999999,-2.6000000000000005
AUS,Australia,2016,-0.013999999999999901,-2.891,6.686,-8.03,11.674,0.001,-12.907000000000002,5.951,1.803,0.40700000000000003,-2.678000000000001
AUS,Australia,2017,-0.02399999999999991,-2.4339999999999993,6.825999999999997,-8.887,11.715,0.001,-12.701,6.09,1.6000000000000005,0.4610000000000001,-2.6469999999999994
AUS,Australia,2018,-0.049000000000000044,-3.266,7.708999999999996,-7.781,10.735,-0.001,-12.501,6.408,1.388,-0.4730000000000001,-2.17
AUS,Australia,2019,-0.06299999999999994,-2.6110000000000007,7.213999999999999,-8.309999999999999,11.236,0.003,-13.764999999999999,7.619,1.3149999999999995,-0.359,-2.2779999999999996
AUT,Austria,2010,0.028999999999999915,-4.155,-2.2719999999999985,-10.271999999999998,29.788000000000004,0.0,-5.695,8.085999999999999,0.41600000000000037,-12.074000000000002,-3.8500000000000005
AUT,Austria,2011,0.09200000000000008,-4.544999999999999,-1.2979999999999983,-10.582,28.028,0.0,-4.491,7.658000000000001,0.5009999999999994,-11.012,-4.353
AUT,Austria,2012,0.14500000000000002,-4.793,-1.1210000000000022,-12.024999999999999,27.491999999999997,0.0,-3.8470000000000004,7.263,0.8250000000000002,-9.959,-3.9799999999999995
AUT,Austria,2013,0.14000000000000012,-5.973999999999999,0.4579999999999984,-12.253,26.552,0.0,-3.8689999999999998,7.048,1.197,-8.831999999999999,-4.468
AUT,Austria,2014,0.30299999999999994,-4.630000000000001,-1.9939999999999998,-12.996,28.061,0.0,-4.143,7.129,1.1900000000000004,-9.196,-3.724
AUT,Austria,2015,0.482,-4.575,-1.6990000000000016,-13.746000000000002,27.287,0.0,-3.7769999999999992,6.785,1.5659999999999998,-8.580000000000002,-3.7430000000000003
AUT,Austria,2016,0.5330000000000001,-4.151000000000001,-1.8369999999999997,-13.477,27.656,0.0,-4.2700000000000005,6.654,1.242,-8.075000000000001,-4.273999999999999
AUT,Austria,2017,0.359,-3.9189999999999996,-2.376999999999999,-13.898999999999997,26.606999999999996,0.0,-3.9059999999999997,6.497,1.593,-7.8100000000000005,-3.144
AUT,Austria,2018,0.278,-4.382,-3.0380000000000003,-10.964000000000002,26.186,0.0,-4.776000000000001,6.866,1.689,-7.880000000000001,-3.976000000000001
AUT,Austria,2019,0.121,-3.705000000000001,-1.7799999999999976,-11.792000000000002,26.772,0.0,-4.994999999999999,6.938000000000001,1.1390000000000002,-8.11,-4.589
BEL,Belgium,2010,0.7999999999999998,-1.7390000000000008,4.789999999999999,-8.411999999999999,18.128999999999998,0.0020000000000000018,-16.331,4.265000000000001,2.5960000000000005,0.42199999999999993,-4.523999999999999
BEL,Belgium,2012,0.645,-1.17,5.3260000000000005,-8.423,18.775999999999996,-0.022,-17.622,4.349,2.7399999999999998,0.43100000000000027,-5.030000000000001
BEL,Belgium,2013,0.4910000000000001,-1.1370000000000005,5.384999999999998,-7.972,18.728,0.0,-17.857,3.8970000000000002,2.749,0.42000000000000015,-4.704000000000001
BEL,Belgium,2016,-0.07099999999999995,-0.7400000000000002,6.436,-6.960999999999999,17.391,0.0,-17.994000000000003,3.5850000000000004,2.52,0.506,-4.671999999999999
BEL,Belgium,2017,-0.20000000000000018,-1.0909999999999993,5.386000000000003,-6.359999999999999,17.708,0.0,-18.402,4.011,2.927,0.33099999999999996,-4.309000000000001
BEL,Belgium,2018,-0.2469999999999999,-1.016,4.643000000000001,-6.332,17.561,0.0,-18.293999999999997,4.314,2.924,0.31400000000000006,-3.8659999999999997
BEL,Belgium,2019,-0.33999999999999986,-1.548,4.021000000000001,-6.516,17.858,0.0,-16.767,4.354,2.9160000000000004,0.35399999999999987,-4.331000000000001
BRA,Brazil,2014,1.5419999999999998,0.5069999999999997,4.838000000000001,-13.364,10.897000000000002,0.0,-8.894000000000002,6.424,0.10099999999999998,-0.7410000000000001,-1.3130000000000002
BRA,Brazil,2015,1.498,0.5169999999999999,4.799999999999997,-13.625000000000002,10.892000000000001,0.0,-9.089,6.1819999999999995,0.1339999999999999,0.06800000000000006,-1.376
BRA,Brazil,2016,1.3599999999999999,0.565,3.982999999999997,-13.225999999999999,11.943000000000001,0.0,-9.030000000000001,6.199,0.1629999999999998,-0.25900000000000034,-1.6989999999999998
BRA,Brazil,2017,1.2120000000000002,0.7549999999999999,3.8100000000000023,-12.360000000000001,12.061000000000002,0.0,-9.22,5.687,0.14400000000000013,-0.0950000000000002,-1.9950000000000006
BRA,Brazil,2018,1.0470000000000002,0.508,3.1690000000000005,-11.686000000000002,12.177,0.0,-9.925999999999998,6.465,0.6429999999999998,-0.16699999999999982,-2.2299999999999995
BRA,Brazil,2019,0.9699999999999998,0.39300000000000024,3.7620000000000005,-12.612000000000002,11.862999999999998,0.0,-9.318000000000001,6.6739999999999995,0.6420000000000001,-0.07200000000000006,-2.302
CAN,Canada,2005,0.15700000000000003,-2.5540000000000003,2.936,-7.045,17.163,0.0,-14.772,6.051,1.17,1.4620000000000006,-4.568
CAN,Canada,2010,0.028999999999999915,-2.4450000000000003,5.027999999999999,-6.433000000000001,16.899,0.0,-15.259,4.151999999999999,1.6140000000000008,1.2850000000000006,-4.870999999999999
CAN,Canada,2011,0.02400000000000002,-1.892999999999999,5.545000000000002,-6.68,16.279000000000003,0.0,-15.516,3.9320000000000004,1.5190000000000001,1.5260000000000002,-4.734999999999999
CAN,Canada,2012,0.03600000000000003,-2.176,4.6789999999999985,-5.6160000000000005,16.72,0.0,-15.844000000000001,4.093,1.5790000000000006,1.5659999999999998,-5.035
CAN,Canada,2013,0.03100000000000014,-2.1790000000000003,4.472000000000001,-5.481000000000001,16.736,0.0,-15.910000000000002,4.102,1.6759999999999993,1.5329999999999995,-4.978999999999999
CAN,Canada,2014,0.32400000000000007,-2.4290000000000003,2.835000000000001,-5.924,17.634999999999998,0.0,-10.758000000000001,3.2500000000000004,1.274,1.3609999999999998,-7.566000000000001
CAN,Canada,2015,0.30600000000000005,-2.649000000000001,2.3880000000000017,-4.8500000000000005,18.264,-0.005000000000000001,-11.323,3.31,1.2229999999999999,1.4,-8.064
CAN,Canada,2016,0.2739999999999998,-2.261000000000001,1.9529999999999994,-5.768,18.936999999999998,0.015,-10.916,3.3660000000000005,1.0549999999999997,1.3430000000000002,-7.998000000000001
CAN,Canada,2017,0.248,-2.314,1.4849999999999994,-4.821,20.186,-0.014,-11.937999999999999,3.7969999999999997,0.6970000000000001,0.9950000000000001,-8.322
CAN,Canada,2018,0.2550000000000001,-2.314,1.532,-4.7490000000000006,20.186999999999998,-0.002,-12.043999999999999,3.801,0.6420000000000003,1.0949999999999998,-8.399999999999999
CAN,Canada,2019,-0.1190000000000001,-2.236999999999999,4.172999999999998,-4.533,18.165,-0.32600000000000007,-17.245,6.173,0.21700000000000053,0.8239999999999998,-5.095000000000001
CHE,Switzerland,2005,1.2910000000000001,-3.9800000000000004,3.7959999999999994,-8.573,19.613,0.0,-19.253999999999998,5.707,0.9669999999999996,4.4030000000000005,-3.968
CHE,Switzerland,2010,0.9359999999999999,-4.887999999999999,4.970000000000002,-8.279,19.738,0.0,-15.708000000000002,4.069,1.532,2.1950000000000003,-4.566
CHE,Switzerland,2011,1.037,-4.8020000000000005,4.892000000000003,-8.271,19.311999999999998,0.0,-13.911,3.5570000000000004,1.7249999999999996,1.3929999999999998,-4.930000000000001
CHE,Switzerland,2012,0.9239999999999999,-4.441,4.930999999999997,-8.530999999999999,19.964000000000002,0.0,-13.707,3.747,1.5030000000000001,0.6070000000000002,-4.997000000000001
CHE,Switzerland,2013,1.1789999999999998,-4.288,4.9559999999999995,-8.339,19.55,0.0,-14.488999999999999,3.7600000000000002,1.6900000000000004,1.1509999999999998,-5.168000000000001
CHE,Switzerland,2014,0.724,-4.239,5.431999999999999,-8.248,19.92,0.0,-14.893,3.5569999999999995,1.5809999999999995,1.5710000000000006,-5.404000000000001
CHE,Switzerland,2015,0.9690000000000001,-4.228000000000001,4.413,-8.027999999999999,20.405,0.0,-14.816999999999998,3.568,1.3310000000000004,1.9740000000000002,-5.588
CHE,Switzerland,2016,0.774,-4.123,4.029,-8.451999999999998,21.145,0.0,-15.634,3.7850000000000006,1.5810000000000004,2.317,-5.422000000000001
CHE,Switzerland,2017,0.6639999999999999,-3.795000000000001,4.434000000000001,-8.006,20.595000000000002,0.0,-15.748000000000001,3.843,1.7510000000000003,1.7110000000000003,-5.448
CHE,Switzerland,2018,0.625,-3.8469999999999995,4.096999999999998,-8.0,20.526999999999997,0.0,-15.646,3.94,1.726,1.6850000000000005,-5.105000000000001
CHE,Switzerland,2019,0.7509999999999999,-3.221,3.721,-7.559,20.788,0.0,-16.616,4.095,1.5419999999999998,1.495,-4.997000000000001
CHL,Chile,2013,0.9199999999999999,-0.3119999999999994,1.7520000000000024,-12.609,22.956000000000003,0.0,-18.759,0.078,6.1080000000000005,3.2489999999999997,-3.3850000000000002
CHL,Chile,2014,0.8160000000000003,0.06700000000000017,0.8960000000000008,-14.266,23.382,0.0,-18.691000000000003,6.219,0.4229999999999998,2.9799999999999995,-1.8239999999999998
CHL,Chile,2015,0.6459999999999999,-0.008000000000000007,1.0399999999999991,-14.422,24.732,0.0,-19.231,5.76,0.3680000000000001,3.0119999999999987,-1.8959999999999995
CHL,Chile,2016,0.754,0.3690000000000002,0.22900000000000276,-14.328000000000001,24.857,-0.023,-19.017,5.66,0.4760000000000001,2.530999999999999,-1.5060000000000002
CHL,Chile,2017,0.694,0.06600000000000028,0.6290000000000013,-15.256999999999998,26.034,-0.011999999999999999,-18.595,5.261,0.5509999999999999,2.232000000000001,-1.601
CHL,Chile,2018,0.5979999999999999,0.5259999999999998,-0.2469999999999999,-15.066000000000003,26.624000000000002,0.0,-19.201999999999998,5.407,0.5560000000000002,2.301,-1.4979999999999998
CHL,Chile,2019,0.5670000000000002,0.48099999999999987,0.1280000000000001,-16.630000000000003,26.070999999999998,0.0,-17.293999999999997,5.468999999999999,0.5519999999999999,2.3890000000000002,-1.734
COL,Colombia,2013,1.2049999999999998,0.7069999999999999,-13.945,-3.9540000000000006,14.339999999999998,0.0,-5.085000000000001,5.377999999999999,0.050999999999999934,4.364000000000001,-3.061
COL,Colombia,2014,1.225,0.718,-11.601999999999997,-4.049,14.671,0.0,-5.1530000000000005,5.423,0.21999999999999997,1.749,-3.2030000000000003
COL,Colombia,2015,0.9050000000000002,0.6989999999999998,-12.410000000000004,-4.0280000000000005,14.282000000000002,0.0,-4.690000000000001,5.865,0.08699999999999997,2.711,-3.4209999999999994
COL,Colombia,2016,0.9080000000000001,0.7619999999999996,-12.488999999999997,-3.9110000000000005,14.971000000000002,0.0,-4.621,6.542000000000001,0.017000000000000126,1.358,-3.537
COL,Colombia,2017,0.8079999999999998,0.7339999999999995,-13.753,-3.8080000000000007,14.519999999999998,0.0,-4.220999999999999,6.245,0.18599999999999994,3.0740000000000003,-3.785
COL,Colombia,2018,0.7270000000000001,0.8210000000000002,-12.209000000000003,-4.25,14.815,0.0,-4.14,6.435,0.11099999999999999,1.9619999999999997,-4.272
COL,Colombia,2019,0.8300000000000003,0.8119999999999998,-10.755000000000003,-3.650999999999999,16.893,0.0,-3.37,4.541,-0.13599999999999968,1.1170000000000004,-6.281000000000001
CRI,Costa Rica,2013,1.166,0.8890000000000002,,-11.171,8.022,0.0,-8.909999999999998,,8.49,0.347,1.1670000000000016
CRI,Costa Rica,2014,0.833,0.4580000000000002,3.4339999999999975,-10.983999999999998,8.875,0.0,-9.548999999999998,8.213999999999999,0.3609999999999999,0.8780000000000001,-2.5200000000000005
CRI,Costa Rica,2015,0.7710000000000001,0.847,2.370999999999995,-10.117,7.318,0.0,-9.389000000000001,8.591000000000001,1.125,-0.20900000000000007,-1.3080000000000007
CRI,Costa Rica,2016,0.801,0.29899999999999993,1.9029999999999987,-8.698999999999998,8.007000000000001,0.0,-9.67,8.826,0.7240000000000002,0.028000000000000025,-2.2190000000000003
CRI,Costa Rica,2017,1.1540000000000001,0.3919999999999999,-0.5319999999999965,-8.744000000000002,8.536000000000001,0.0,-8.917,8.882000000000001,0.9359999999999999,0.007999999999999563,-1.7149999999999999
CRI,Costa Rica,2018,1.08,0.4630000000000001,-1.2020000000000053,-8.384999999999998,8.244,0.0,-8.615,9.915,0.43199999999999994,-0.2290000000000001,-1.702
CRI,Costa Rica,2019,0.9489999999999998,0.6660000000000004,-1.0730000000000004,-9.779,8.876000000000001,0.0,-8.126999999999999,9.88,0.613,-0.16900000000000004,-1.835
CZE,Czech Republic,2013,0.391,-3.2439999999999998,-6.559000000000001,-10.477,18.586999999999996,0.0,-9.44,9.731,0.7670000000000003,3.3729999999999998,-3.1279999999999992
CZE,Czech Republic,2014,,,,,,,,,,,
CZE,Czech Republic,2015,-0.18000000000000016,-2.997,-4.445,-10.112,19.362000000000002,0.0,-10.219,8.572,0.3410000000000002,3.505,-3.8260000000000005
CZE,Czech Republic,2016,-0.15300000000000002,-2.8049999999999997,-4.746000000000002,-9.963999999999999,18.991,0.0,-10.559,8.284,0.48299999999999965,3.653999999999999,-3.1839999999999993
CZE,Czech Republic,2017,,,,,,,,,,,
CZE,Czech Republic,2018,-0.43800000000000017,-2.912,-2.6119999999999983,-10.574,17.618,0.005999999999999998,-10.911999999999999,9.313,-0.05600000000000005,3.758,-3.190999999999999
CZE,Czech Republic,2019,-0.40600000000000014,-2.7940000000000005,-1.5450000000000017,-12.668,16.988,0.0030000000000000027,-10.485999999999999,9.227,0.20599999999999952,4.497,-3.0250000000000004
DEU,Germany,2005,1.138,-10.745000000000001,1.3829999999999991,-11.943999999999999,23.621000000000002,0.0,-6.284,6.637,-0.038000000000000256,-0.9749999999999996,-2.793
DEU,Germany,2013,0.7130000000000001,-10.392000000000001,-2.0090000000000003,-11.41,26.141000000000002,0.0,-6.027000000000001,6.04,0.8650000000000002,-0.2570000000000001,-3.6640000000000006
DEU,Germany,2014,0.6749999999999998,-10.265,-2.4700000000000024,-11.561,26.464999999999996,0.0,-5.779999999999999,5.893000000000001,1.1150000000000002,-0.23099999999999987,-3.841
DEU,Germany,2015,0.6430000000000002,-9.802000000000001,-3.0829999999999984,-11.737,27.023,0.0,-5.977,5.920999999999999,1.3670000000000009,-0.44099999999999984,-3.914999999999999
DEU,Germany,2016,0.7060000000000002,-8.968,-3.442999999999998,-12.038,26.700000000000003,0.0,-5.89,5.942,1.4290000000000003,-0.2610000000000001,-4.176
DEU,Germany,2017,0.6519999999999999,-8.451,-1.75,-13.918999999999997,26.023000000000003,0.0,-5.648,5.976,1.6150000000000002,-0.15400000000000036,-4.342
DEU,Germany,2018,0.6399999999999999,-8.416,-1.472999999999999,-13.565999999999999,25.400999999999996,0.0,-5.824,6.184,1.6399999999999988,-0.11799999999999988,-4.4670000000000005
DEU,Germany,2019,0.8659999999999999,-8.022,-4.452999999999999,-12.261,29.168,0.0,-6.0360000000000005,5.264,0.5080000000000009,-0.23499999999999988,-4.8
DNK,Denmark,2005,0.22199999999999998,-3.7830000000000013,8.922,-6.262,11.185,0.0,-24.925,5.793,3.2710000000000004,5.055000000000001,0.5189999999999992
DNK,Denmark,2010,-0.583,-3.4819999999999993,7.838000000000001,-5.8180000000000005,10.315,0.0,-20.711,6.349,1.568,4.7139999999999995,-0.19100000000000072
DNK,Denmark,2011,-0.7090000000000001,-3.331999999999999,7.663,-4.95,10.587,0.0,-20.439,5.974,1.3060000000000005,4.373,-0.4740000000000002
DNK,Denmark,2012,-0.6499999999999999,-4.292000000000002,7.099,-4.968999999999999,11.420000000000002,0.0,-18.107,5.6739999999999995,0.9950000000000001,3.9659999999999997,-1.1369999999999996
DNK,Denmark,2013,-0.546,-4.654,7.119,-4.225,11.040999999999999,0.0,-19.311999999999998,6.28,1.2120000000000002,4.521,-1.4360000000000008
DNK,Denmark,2014,-0.5660000000000001,-4.585000000000001,5.475999999999999,-3.6740000000000004,11.421000000000001,0.0,-17.916,6.365,1.2129999999999996,3.365,-1.0999999999999996
DNK,Denmark,2015,-1.3370000000000002,-3.655000000000001,4.533999999999999,-2.676000000000001,12.058,0.0,-17.700000000000003,6.767999999999999,1.6149999999999998,1.9969999999999999,-1.6029999999999998
DNK,Denmark,2016,-0.4159999999999999,-4.894,6.338000000000001,-3.5309999999999997,11.867999999999999,0.0,-15.963000000000001,6.478999999999999,0.6219999999999999,1.7240000000000002,-2.225999999999999
DNK,Denmark,2017,-0.386,-4.408999999999999,5.610999999999997,-3.4640000000000004,12.191999999999998,0.0,-16.302999999999997,6.2700000000000005,0.43400000000000016,1.7819999999999996,-1.7250000000000014
DNK,Denmark,2018,-0.43899999999999995,-4.458,6.376000000000001,-3.251,14.346,0.0,-17.439999999999998,6.378,0.5679999999999996,0.5539999999999998,-2.632999999999999
DNK,Denmark,2019,-0.31499999999999995,-4.692,6.5660000000000025,-3.127,13.873000000000001,0.0,-17.811,6.447000000000001,0.2990000000000004,1.46,-2.7010000000000005
E22,European Union 22 members in OECD,2013,0.5789999999999997,-3.458,-1.3929999999999971,-9.192,20.590999999999998,0.0,-12.054,6.302,0.9649999999999999,1.3369999999999997,-3.677999999999999
E22,European Union 22 members in OECD,2014,0.3999999999999997,-3.7860000000000005,-2.353999999999999,-8.884,19.875999999999998,0.0,-10.871,6.202,0.8739999999999997,1.6599999999999993,-3.5840000000000005
E22,European Union 22 members in OECD,2015,0.4059999999999999,-3.652,-1.7190000000000012,-9.169,20.125,0.0,-11.082999999999998,6.2669999999999995,0.8959999999999999,1.5549999999999997,-3.627
E22,European Union 22 members in OECD,2016,0.6360000000000001,-3.375,-1.2289999999999992,-8.963,19.618,-0.007000000000000001,-11.085999999999999,6.177,0.9790000000000001,1.165,-3.914999999999999
E22,European Union 22 members in OECD,2017,0.5640000000000003,-3.2699999999999996,-1.2059999999999995,-9.001999999999999,19.354,-0.011,-11.756,6.422000000000001,1.117,1.3639999999999999,-3.5779999999999994
E22,European Union 22 members in OECD,2018,0.40400000000000014,-3.558,-0.639999999999997,-9.039000000000001,18.872999999999998,-0.0020000000000000018,-11.458000000000002,6.7410000000000005,0.9969999999999999,1.4640000000000004,-3.7810000000000006
E22,European Union 22 members in OECD,2019,0.3579999999999999,-3.441,-0.7119999999999997,-9.288,19.192,-0.005999999999999998,-11.572000000000001,6.747000000000001,0.875,1.6310000000000002,-3.7830000000000004
ESP,Spain,2005,1.106,-1.8469999999999995,-5.352999999999998,-11.428,21.445999999999998,0.0,-11.687,9.578,-0.25899999999999945,1.1639999999999997,-2.7200000000000006
ESP,Spain,2010,0.7729999999999999,-0.8699999999999992,-3.0589999999999975,-13.281,21.249,0.0,-11.591000000000001,7.587999999999999,-0.10899999999999999,1.524,-2.2249999999999996
ESP,Spain,2013,0.7080000000000002,-1.459999999999999,-2.887999999999998,-12.813000000000002,20.326999999999998,0.0,-11.204,6.787999999999999,0.004999999999999893,3.286999999999999,-2.7490000000000006
ESP,Spain,2014,0.512,-1.1140000000000008,-1.5570000000000022,-14.715,19.759,0.0,-10.968000000000002,6.662,0.32200000000000006,3.6210000000000004,-2.521
ESP,Spain,2015,0.739,-1.3040000000000003,-1.600999999999999,-14.886,20.141,0.0,-10.389,6.633,0.3929999999999998,2.7699999999999996,-2.4979999999999993
ESP,Spain,2016,0.6019999999999999,-1.0860000000000003,-0.7800000000000011,-13.661999999999999,17.811,0.0,-11.099,6.598,1.0500000000000007,2.898999999999999,-2.332
ESP,Spain,2017,0.631,-1.2149999999999999,-0.09499999999999886,-13.527000000000001,16.801000000000002,0.0,-11.185,6.903,1.2480000000000002,2.7990000000000004,-2.359
ESP,Spain,2018,0.5000000000000001,-0.7320000000000011,-0.0010000000000012221,-13.690999999999999,16.310000000000002,0.0,-11.721,7.09,1.4260000000000002,3.136,-2.3179999999999996
ESP,Spain,2019,0.476,-0.8800000000000008,0.3049999999999997,-12.708,16.161,0.0,-12.961,7.531,1.2859999999999996,3.4879999999999995,-2.698999999999999
EST,Estonia,2013,1.4089999999999998,-6.126999999999999,-5.263999999999999,-10.628,23.009,0.0,-13.605000000000002,7.664,0.15800000000000036,5.857000000000001,-2.4739999999999993
EST,Estonia,2014,0.708,-4.692,-7.9410000000000025,-9.083,19.68,0.0,-13.532,9.009,1.0629999999999997,7.702,-2.914999999999999
EST,Estonia,2015,0.889,-3.122,-7.535,-9.069,21.457,0.0,-12.312000000000001,7.908,0.5809999999999995,4.742,-3.54
EST,Estonia,2016,0.9790000000000001,-4.792,-7.099,-9.505,19.502000000000002,0.0,-12.110000000000001,10.209999999999999,0.9090000000000007,4.991999999999999,-3.0860000000000003
EST,Estonia,2017,0.44399999999999973,-3.950000000000001,-5.529,-8.715,19.892000000000003,0.0,-14.278999999999998,10.937000000000001,-0.20999999999999996,5.1049999999999995,-3.6950000000000003
EST,Estonia,2018,0.6469999999999998,-4.094000000000001,-3.3740000000000023,-9.379,17.652,0.0,-12.311,9.478,0.4800000000000004,4.175000000000001,-3.274
EST,Estonia,2019,0.5419999999999998,-3.3000000000000007,-5.305,-10.136,18.942999999999998,0.0,-12.259000000000002,9.113,0.0680000000000005,3.7680000000000007,-1.4339999999999993
FIN,Finland,2005,1.3259999999999998,-6.081,-5.471,-6.800000000000001,25.798000000000002,0.0,-20.023000000000003,14.904,0.7459999999999996,-1.9900000000000002,-2.4080000000000004
FIN,Finland,2010,0.31199999999999983,-8.257000000000001,-2.823000000000002,-5.471,28.392000000000003,0.0,-21.579,15.241000000000001,-0.1070000000000002,-2.101,-3.607
FIN,Finland,2011,0.12399999999999967,-7.143000000000001,-0.8599999999999994,-5.504,25.623,0.0,-20.740000000000002,11.958,0.7610000000000001,-0.8260000000000005,-3.3930000000000007
FIN,Finland,2012,0.48399999999999976,-7.0859999999999985,-0.897000000000002,-5.915999999999999,26.3,0.0,-20.688000000000002,11.896,0.7800000000000002,-1.388,-3.4859999999999998
FIN,Finland,2013,0.21499999999999986,-7.056999999999999,0.027000000000001023,-5.736000000000001,25.906999999999996,0.0,-21.464,11.849,0.5679999999999996,-0.7839999999999998,-3.524
FIN,Finland,2014,0.06300000000000017,-7.273,-0.5940000000000012,-5.720000000000001,26.791999999999998,0.0,-20.88,11.207,0.774,-0.8950000000000005,-3.474
FIN,Finland,2015,-0.129,-6.630000000000001,-1.193999999999999,-6.632,26.567,0.0,-20.223,11.266000000000002,0.5970000000000004,-0.3120000000000003,-3.3089999999999993
FIN,Finland,2016,-0.0129999999999999,-6.49,-1.6799999999999997,-6.289,27.198999999999998,0.0,-20.951,11.323,0.9909999999999997,-0.56,-3.529
FIN,Finland,2017,-0.07900000000000018,-5.352,-0.5860000000000021,-6.524000000000001,25.713,0.0,-22.121,10.4,1.2859999999999996,0.6850000000000005,-3.423
FIN,Finland,2018,-0.2490000000000001,-5.751,-0.379999999999999,-6.3870000000000005,25.76,0.0,-22.122,11.282,0.9710000000000001,0.4819999999999993,-3.6030000000000006
FIN,Finland,2019,-0.33000000000000007,-5.621,-0.41499999999999915,-6.571,25.406,0.0,-21.745,11.328,0.7990000000000004,1.021,-3.8709999999999996
FRA,France,2005,1.1639999999999997,-7.175,-9.750999999999998,-1.599,20.414,0.0,-9.453,6.75,2.692,0.548,-3.5920000000000005
FRA,France,2010,0.41000000000000003,-6.062,-8.508,-0.9900000000000001,19.265,0.0,-10.483,6.332,2.6400000000000006,0.5780000000000003,-3.183
FRA,France,2011,0.3879999999999999,-5.426,-6.5,-3.1390000000000002,19.431,0.0,-10.544000000000002,6.391,1.7679999999999998,0.36999999999999966,-2.7390000000000008
FRA,France,2012,0.31799999999999984,-5.085999999999999,-5.788999999999998,-2.638,19.509,0.0,-11.932,6.085,1.9290000000000003,0.3580000000000001,-2.755
FRA,France,2013,0.30799999999999983,-5.049,-4.8089999999999975,-2.247,19.348,0.0,-11.671,4.803,1.8239999999999998,0.2879999999999998,-2.7940000000000005
FRA,France,2014,0.869,-5.210000000000001,-5.135999999999999,-2.074,19.659000000000002,0.0,-11.708,4.813000000000001,1.617,-0.002000000000000224,-2.8260000000000005
FRA,France,2015,0.7750000000000001,-4.952,-4.180999999999997,-2.718,17.980999999999998,0.0,-11.426,4.8839999999999995,2.572,0.039000000000000146,-2.9739999999999993
FRA,France,2016,0.7730000000000001,-4.986,-3.8370000000000033,-3.3229999999999995,18.153,0.0,-11.209,4.883,2.197,0.31199999999999983,-2.9639999999999995
FRA,France,2017,0.772,-5.018999999999999,-3.851000000000006,-3.4250000000000003,18.436,0.0,-10.985999999999999,4.734,1.9979999999999993,0.516,-3.1740000000000013
FRA,France,2018,0.732,-4.743,-4.254999999999999,-3.4909999999999997,18.316,0.0,-10.713000000000001,5.224,1.8899999999999997,0.6270000000000002,-3.587999999999999
FRA,France,2019,0.7730000000000001,-4.936999999999999,-3.969000000000001,-3.5769999999999995,18.302999999999997,0.0,-10.651000000000002,5.384,1.8019999999999996,0.6389999999999998,-3.766
GBR,United Kingdom,2005,-0.122,-3.3489999999999984,2.6400000000000006,-6.933999999999999,13.312999999999999,0.0,-15.016000000000002,8.481,3.657,-0.31699999999999995,-2.3550000000000004
GBR,United Kingdom,2012,-0.28300000000000003,-3.461000000000002,4.904,-8.382,13.091999999999999,0.0,-13.424999999999999,6.035,4.259,-0.31299999999999994,-2.426
GBR,United Kingdom,2013,-0.2739999999999999,-3.5169999999999995,4.346,-7.86,12.866,0.0,-13.085,5.581,1.956999999999999,-0.3620000000000001,0.34800000000000075
GBR,United Kingdom,2014,-0.29699999999999993,-3.801,4.503,-7.827999999999999,12.613,0.0,-12.695,5.486000000000001,2.0839999999999996,-0.30500000000000016,0.238999999999999
GBR,United Kingdom,2015,-0.2590000000000001,-3.8619999999999983,3.497,-7.435999999999999,12.757,-0.11599999999999999,-9.949000000000002,5.587,2.1370000000000005,0.0,-2.359
GBR,United Kingdom,2016,-0.30599999999999994,-3.9429999999999996,3.2509999999999977,-6.9879999999999995,12.660999999999998,-0.10200000000000009,-10.121000000000002,5.742,2.325000000000001,-0.020000000000000004,-2.5009999999999994
GBR,United Kingdom,2017,-0.366,-3.9669999999999987,3.0569999999999986,-6.639,12.603000000000002,-0.11099999999999999,-10.237000000000002,6.038,2.155000000000001,-0.01200000000000001,-2.520999999999999
GBR,United Kingdom,2018,-0.364,-3.926999999999998,3.0559999999999974,-6.151999999999999,12.439,-0.07799999999999996,-10.676,6.5520000000000005,1.5259999999999998,-0.05700000000000001,-2.3199999999999985
GBR,United Kingdom,2019,-0.41800000000000004,-3.533999999999999,2.7769999999999975,-5.943,11.954,-0.09300000000000003,-9.584000000000001,6.356,0.9730000000000008,-0.06300000000000001,-2.4269999999999996
GRC,Greece,2013,3.6640000000000006,-8.469999999999999,-0.8790000000000013,-8.429,19.941,0.0,-7.744,4.6129999999999995,1.8400000000000007,0.27700000000000014,-4.811
GRC,Greece,2014,1.004,-10.357,-0.04100000000000037,-7.984,19.878999999999998,0.0,-6.736,2.266,2.314,1.8330000000000002,-2.1799999999999997
GRC,Greece,2015,1.004,-10.357,-0.04100000000000037,-7.984,19.878999999999998,0.0,-6.736,2.266,2.314,1.8330000000000002,-2.1799999999999997
GRC,Greece,2016,0.9289999999999998,-7.848999999999998,-0.3569999999999993,-8.099,17.661,0.0,-7.154,2.685,2.3280000000000003,1.8439999999999999,-1.987
GRC,Greece,2017,1.061,-7.83,-0.21799999999999997,-8.073,16.993000000000002,0.0,-5.936999999999999,2.6879999999999997,2.3420000000000005,1.984,-3.008000000000001
GRC,Greece,2018,0.9730000000000003,-7.101999999999999,-0.6880000000000024,-8.564,16.884,0.0,-5.122999999999999,2.5530000000000004,2.3569999999999993,1.9499999999999997,-3.241999999999999
GRC,Greece,2019,0.9790000000000001,-6.451,-0.1369999999999969,-9.653,15.713,0.0,-4.68,3.4019999999999997,2.208,2.267,-3.649000000000001
HUN,Hungary,2005,1.4659999999999997,-1.213,-7.704999999999998,-9.908,12.276,0.0,-4.063,3.041,0.7619999999999998,7.307,-1.9620000000000006
HUN,Hungary,2010,1.5650000000000002,-4.455,-4.66,-7.558000000000001,16.682,0.0,-6.091,6.429,1.31,-0.3600000000000003,-2.8629999999999995
HUN,Hungary,2011,1.088,-3.1050000000000004,-7.143999999999998,-7.946000000000001,18.18,0.0,-5.381,6.603,2.304,-1.5470000000000006,-3.0500000000000007
HUN,Hungary,2012,1.373,-2.6020000000000003,-7.736000000000001,-8.942,19.992,0.0,-5.335000000000001,5.699,1.5249999999999995,-1.0219999999999994,-2.9509999999999996
HUN,Hungary,2013,1.388,-1.1509999999999998,-10.672999999999998,-10.526000000000002,19.675,0.0,-4.594,5.96,1.8419999999999996,0.1770000000000005,-2.096
HUN,Hungary,2014,1.579,-1.8420000000000005,-8.014000000000003,-12.296,20.791,0.0,-5.069,5.8580000000000005,1.3730000000000002,0.07600000000000051,-2.458
HUN,Hungary,2015,1.6560000000000001,-2.720999999999999,-4.6080000000000005,-14.72,22.502000000000002,0.0,-4.789999999999999,3.8120000000000003,1.3669999999999995,1.234,-3.7329999999999988
HUN,Hungary,2016,1.7399999999999998,-2.2319999999999993,-5.309999999999999,-15.743000000000002,19.6,0.0,-5.186,7.861000000000001,1.6230000000000002,0.9770000000000003,-3.333000000000001
HUN,Hungary,2017,2.019,-2.7509999999999994,-4.786999999999999,-16.303,18.884,0.0,-4.323000000000001,7.994,1.569,1.1129999999999995,-3.417
HUN,Hungary,2018,1.811,-2.7650000000000006,-5.515000000000001,-14.183,18.156,0.0,-4.835,8.512,1.3739999999999997,1.197,-3.7520000000000007
HUN,Hungary,2019,1.6230000000000002,-2.867,-5.681000000000001,-15.095000000000002,18.755000000000003,0.0,-4.861,8.685,1.52,1.1669999999999998,-3.2459999999999987
IDN,Indonesia,2014,3.31,,,-14.174999999999997,10.358,,-12.935,10.785,-0.2849999999999997,2.941,
IDN,Indonesia,2015,1.6980000000000004,-0.4139999999999997,2.635,-10.460999999999999,8.544,,-14.343000000000002,8.067999999999998,-1.487,0.0,5.761999999999999
IDN,Indonesia,2016,1.8189999999999995,-0.28799999999999937,2.0470000000000006,-11.307000000000002,9.067,,-13.744,8.958,-1.664,0.0,5.109999999999999
IDN,Indonesia,2017,1.9669999999999996,-0.01499999999999968,1.346,-10.616999999999997,10.135,,-13.416999999999998,7.704999999999999,-1.9880000000000004,0.0,4.885999999999999
IDN,Indonesia,2018,1.7610000000000001,-0.04100000000000037,0.554000000000002,-10.771,10.952,,-12.824,8.172,-2.121,0.0,4.319000000000001
IDN,Indonesia,2019,1.7610000000000001,-0.04100000000000037,0.554000000000002,-10.771,10.952,,-12.824,8.172,-2.121,0.0,4.319000000000001
IND,India,2013,0.46199999999999997,-0.9239999999999995,4.338000000000001,-3.2920000000000007,7.501000000000001,,-1.427,0.9889999999999999,-0.2940000000000005,-0.338,-7.013999999999999
IND,India,2014,0.6080000000000001,-0.9889999999999999,4.0660000000000025,-4.734999999999999,8.533999999999999,,-1.6149999999999998,1.6319999999999997,-0.5210000000000008,-0.27499999999999997,-6.702999999999999
IND,India,2015,0.575,-1.1630000000000003,3.8580000000000005,-4.566999999999999,8.556,,-1.3810000000000002,1.6350000000000007,0.23800000000000132,-0.269,-7.481999999999996
IND,India,2016,0.676,-1.2960000000000003,2.522000000000002,-3.9090000000000007,9.167000000000002,,-1.4529999999999998,1.0499999999999998,-0.5350000000000001,-0.22499999999999998,-5.996000000000002
IND,India,2017,0.7269999999999999,-1.492,2.363999999999997,-3.096,10.153000000000002,,-1.5340000000000003,0.32399999999999984,-0.3330000000000002,-0.287,-6.825000000000003
IND,India,2018,0.748,-1.6790000000000003,2.4589999999999996,-3.4410000000000007,10.230999999999998,,-1.5819999999999999,0.4870000000000001,-0.4999999999999982,-0.321,-6.4019999999999975
IND,India,2019,0.928,-1.6959999999999997,1.5899999999999999,-3.575,10.305,,-1.689,0.7629999999999999,-1.5999999999999979,-0.269,-4.7570000000000014
IRL,Ireland,2013,,,,,,,,,,,
IRL,Ireland,2014,,,,,,,,,,,
IRL,Ireland,2015,0.8220000000000001,-3.6370000000000005,2.7540000000000013,-6.5360000000000005,14.839,0.006999999999999951,-15.411999999999999,8.274000000000001,0.3309999999999995,1.3520000000000003,-2.793000000000001
IRL,Ireland,2016,0.7989999999999999,-3.978999999999999,2.3640000000000008,-4.420999999999999,14.130000000000003,-0.07300000000000004,-16.811999999999998,8.674999999999999,0.3230000000000004,1.4249999999999998,-2.4299999999999997
IRL,Ireland,2017,0.922,-3.386000000000001,3.299999999999997,-7.946,12.883,-0.22100000000000003,-15.310999999999998,9.053,1.1639999999999997,2.098,-2.5540000000000003
IRL,Ireland,2018,0.7849999999999999,-3.2540000000000013,3.968,-7.593,11.375,-0.014000000000000012,-15.195,9.119,1.108999999999999,1.8909999999999996,-2.1879999999999997
IRL,Ireland,2019,0.7490000000000001,-3.401,4.221,-8.089,12.350999999999999,-0.09099999999999997,-15.225000000000001,9.121,1.495,1.3529999999999998,-2.4829999999999997
ISL,Iceland,2013,-0.384,-0.45899999999999963,8.746000000000002,-8.67,12.053,0.0,-13.204,5.745,2.2600000000000007,0.12199999999999989,-6.209
ISL,Iceland,2014,,,,,,0.0,,,,,
ISL,Iceland,2015,0.29799999999999993,-0.8949999999999996,6.475000000000001,-10.081,14.357,0.0,-13.321000000000002,7.676,2.44,-0.05900000000000016,-6.888
ISL,Iceland,2016,0.44900000000000007,-1.2110000000000003,4.711000000000002,-10.846,12.537,0.0,-12.533,11.258,2.401,-0.7449999999999997,-6.019000000000002
ISL,Iceland,2017,0.04600000000000004,-0.23300000000000054,7.026000000000003,-8.078,10.265,0.0,-14.844000000000001,10.555,3.8629999999999995,-1.6119999999999999,-6.986000000000001
ISL,Iceland,2018,0.19900000000000007,2.0749999999999993,6.122,-9.883000000000003,11.909999999999998,0.0,-15.152999999999999,9.502,3.1880000000000006,-0.935,-7.026000000000002
ISL,Iceland,2019,0.20099999999999985,0.9059999999999988,4.477999999999998,-9.209,9.485,0.0,-11.869,9.417,2.8629999999999995,-0.08899999999999997,-6.182
ITA,Italy,2016,,,,,,,,,,,
ITA,Italy,2017,,,,,,,,,,,
ITA,Italy,2018,0.8279999999999998,-8.622,4.105,-7.800000000000001,16.563000000000002,0.0,-5.564000000000002,1.935,0.2909999999999995,1.3639999999999999,-3.0980000000000008
ITA,Italy,2019,0.79,-8.954,4.2719999999999985,-8.306,16.565,0.0,-4.83,2.109,0.024999999999999467,1.8820000000000001,-3.551
JPN,Japan,2013,2.253,-14.540000000000001,,-8.944000000000003,43.177,0.0,-8.988,,,-12.957,
JPN,Japan,2014,0.9580000000000002,-13.31,10.932,-7.8999999999999995,25.919999999999998,0.0,-9.318,,2.923,-9.731,-0.476
JPN,Japan,2015,0.8650000000000002,-11.795,10.182,-8.626,25.259,0.0,-9.138,,3.0709999999999997,-9.425999999999998,-0.39400000000000013
JPN,Japan,2016,0.7909999999999999,-11.47,10.172999999999998,-8.724,25.137,0.0,-9.245999999999999,,3.0629999999999997,-9.342,-0.3819999999999997
JPN,Japan,2017,0.8030000000000004,-11.785,9.777999999999999,-8.067,25.46,0.0,-9.671,,3.0450000000000004,-9.646,0.08499999999999996
JPN,Japan,2018,0.7709999999999999,-11.609,9.371,-7.871,25.384,0.0,-10.166999999999998,,2.9499999999999997,-9.317,0.48900000000000077
JPN,Japan,2019,0.7959999999999998,-11.364,9.254,-7.723,25.2,0.0,-10.560000000000002,,2.9319999999999995,-8.925,0.38699999999999957
KOR,Korea,2005,0.2869999999999999,-13.750999999999998,1.4160000000000004,-8.569,29.497999999999998,0.0,-8.631,1.647,0.15000000000000036,-1.0890000000000004,-0.9579999999999997
KOR,Korea,2010,0.31100000000000005,-11.43,3.596000000000002,-8.652000000000001,26.190000000000005,0.0,-11.847,2.258,0.5500000000000007,0.07900000000000063,-1.0510000000000002
KOR,Korea,2011,0.31999999999999995,-11.713000000000001,3.068999999999999,-8.33,27.027,0.0,-11.387000000000002,2.191,0.4319999999999995,-0.21600000000000108,-1.3950000000000005
KOR,Korea,2012,0.3820000000000001,-11.365,2.7680000000000007,-7.8149999999999995,26.548,0.0,-11.347,2.099,0.6440000000000001,-0.4090000000000007,-1.5040000000000004
KOR,Korea,2013,0.43399999999999994,-10.47,2.323999999999998,-7.77,25.083000000000002,0.0,-12.799999999999999,5.135,0.3730000000000002,-0.7889999999999997,-1.5199999999999996
KOR,Korea,2014,0.4750000000000001,-9.957,2.295,-7.657,25.419999999999998,0.0,-13.351,4.872,0.42599999999999927,-0.8239999999999998,-1.6980000000000004
KOR,Korea,2015,0.3659999999999999,-10.311,2.306000000000001,-7.312999999999999,25.364,0.0,-13.257000000000001,4.938,0.25,-0.5800000000000001,-1.7639999999999993
KOR,Korea,2016,0.371,-10.006000000000002,1.806000000000001,-7.1899999999999995,25.366,0.0,-12.745,4.734999999999999,0.49599999999999955,-0.8829999999999991,-1.9489999999999998
KOR,Korea,2017,0.34099999999999997,-9.449000000000002,1.350999999999999,-7.535,25.389000000000003,0.0,-12.536999999999999,4.839,0.375,-0.7919999999999998,-1.9829999999999997
KOR,Korea,2018,0.379,-9.235,1.2910000000000004,-7.857000000000001,25.290999999999997,0.0,-12.924999999999999,4.897,0.5670000000000002,-0.4350000000000005,-1.9739999999999993
KOR,Korea,2019,0.3639999999999999,-8.857999999999999,0.7589999999999986,-8.043,25.297999999999995,0.0,-12.707999999999998,4.965,0.7030000000000003,-0.42600000000000016,-2.0550000000000006
LTU,Lithuania,2005,1.472,-3.279,-7.180000000000003,-12.794,25.149,0.0,-9.006,4.931,0.5989999999999998,2.412,-2.303
LTU,Lithuania,2010,0.6739999999999999,-3.0680000000000005,-12.272000000000002,-8.049,28.230000000000004,0.0,-8.044,5.572,0.8479999999999999,1.7890000000000001,-5.680000000000001
LTU,Lithuania,2011,0.817,-3.3680000000000003,-10.492,-8.184999999999999,28.174,0.0,-8.198,4.952,0.2969999999999997,1.997,-5.994
LTU,Lithuania,2012,0.6859999999999999,-3.5360000000000005,-12.087000000000003,-6.583,29.431000000000004,0.0,-10.014,5.0249999999999995,0.5460000000000003,1.8129999999999997,-5.283
LTU,Lithuania,2013,0.966,-4.256,-10.126000000000001,-8.241,30.363,0.0,-10.219000000000001,4.406000000000001,0.6219999999999999,1.8880000000000001,-5.401
LTU,Lithuania,2014,1.1539999999999997,-3.442,-9.671000000000003,-6.561,28.533,0.0,-10.352,4.234999999999999,0.29499999999999993,2.098,-6.286999999999999
LTU,Lithuania,2015,1.4979999999999998,-3.9290000000000003,-8.597999999999999,-5.5920000000000005,27.498000000000005,-0.021,-11.756999999999998,3.8899999999999997,0.9940000000000002,1.55,-5.533000000000001
LTU,Lithuania,2016,1.5310000000000001,-3.755,-8.957,-4.943000000000001,28.285999999999998,-0.059,-12.569,4.3839999999999995,0.4480000000000004,1.863,-6.229000000000001
LTU,Lithuania,2017,0.871,-4.587999999999999,-7.829000000000001,-4.707000000000001,29.034,0.022,-15.244,5.218,0.6779999999999999,1.8319999999999999,-5.285
LTU,Lithuania,2018,1.036,-4.856,-7.109000000000002,-4.630000000000001,28.361,-0.032999999999999995,-15.885,5.965999999999999,0.17499999999999982,1.8860000000000001,-4.911
LTU,Lithuania,2019,1.037,-5.643,-5.248999999999999,-4.718,28.922000000000004,-0.044,-17.387,6.9239999999999995,0.004000000000000448,1.6300000000000001,-5.476
LUX,Luxembourg,2013,0.0,-0.35600000000000076,2.9950000000000045,-12.987000000000002,8.098,0.0,-3.7659999999999996,6.778,-0.34999999999999964,0.0,-0.4119999999999999
LUX,Luxembourg,2014,0.0,-3.6980000000000004,4.384999999999998,-7.414999999999999,6.691000000000001,0.0,-5.8919999999999995,6.522,2.141,0.0,-2.733999999999999
LUX,Luxembourg,2015,-0.463,-2.4560000000000004,1.7040000000000006,-10.743,8.224,0.0,-6.799000000000001,9.940999999999999,1.234,0.0,-0.6400000000000006
LUX,Luxembourg,2016,2.411,-4.661000000000001,2.6240000000000023,-6.039000000000001,8.448,0.0,-4.780000000000001,7.437,1.4669999999999996,0.48,-7.387
LUX,Luxembourg,2017,0.010999999999999996,-4.307,2.1299999999999955,-6.929,10.18,0.0,-7.978000000000001,7.115,2.682,0.387,-3.289999999999999
LUX,Luxembourg,2018,-0.429,-3.886000000000001,-0.6670000000000016,-8.453,10.994,0.0,-6.582000000000001,10.133,2.8019999999999996,-0.0050000000000000044,-3.9060000000000006
LUX,Luxembourg,2019,-0.187,-0.4659999999999993,-0.4029999999999987,-9.845,11.429,0.0,-6.413,7.422000000000001,2.4379999999999997,-0.248,-3.726
LVA,Latvia,2005,1.3359999999999999,-3.566,2.4239999999999995,-16.505,17.536,0.0,-4.553,7.003,0.5489999999999999,,-4.223000000000001
LVA,Latvia,2010,0.6709999999999999,-4.407000000000001,-4.272000000000006,-7.187000000000001,21.866999999999997,0.0,-10.143,7.8740000000000006,0.3919999999999999,,-4.794
LVA,Latvia,2011,0.6180000000000001,-3.1100000000000003,-4.006999999999998,-7.042999999999999,21.838,0.0,-15.899,7.860999999999999,1.3719999999999999,2.724,-4.355
LVA,Latvia,2012,0.8479999999999999,-4.0889999999999995,-5.93,-7.857999999999999,23.476,0.0,-11.312000000000001,8.105,0.6459999999999999,2.0540000000000003,-5.941000000000001
LVA,Latvia,2013,1.018,-4.223,-1.6060000000000016,-7.823,23.75,0.0,-19.871000000000002,7.725999999999999,0.7029999999999998,3.385,-3.061000000000001
LVA,Latvia,2014,1.6270000000000002,-5.966000000000001,-6.569999999999997,-7.0329999999999995,21.693,0.0,-12.744,7.4879999999999995,0.403,4.21,-3.107000000000001
LVA,Latvia,2015,1.268,-3.6929999999999996,-6.120999999999995,-8.133,21.076,0.0,-13.305,8.758000000000001,0.9170000000000003,4.56,-5.327
LVA,Latvia,2016,1.6380000000000001,-3.4589999999999996,-6.068999999999999,-8.634,21.708,0.0,-13.27,8.950999999999999,0.06300000000000017,4.15,-5.078999999999999
LVA,Latvia,2017,1.218,-4.245,-6.298000000000002,-4.752,20.320999999999998,0.0,-15.076999999999998,8.714,0.05899999999999972,4.614,-4.554
LVA,Latvia,2018,2.56,-3.9849999999999994,-2.376999999999999,-9.914,21.664,0.0,-14.968,8.128,0.02200000000000024,4.18,-5.3100000000000005
LVA,Latvia,2019,0.829,-2.8099999999999996,-3.317,-10.954999999999998,22.046,0.0,-15.913,7.579000000000001,0.3919999999999999,5.6770000000000005,-3.528999999999999
MEX,Mexico,2005,1.6480000000000001,-0.7519999999999998,-3.3230000000000004,-10.002,17.049,0.0,-3.3420000000000005,4.946,0.07000000000000028,-0.8859999999999999,-5.407
MEX,Mexico,2010,1.2359999999999998,-0.6800000000000002,-2.960000000000001,-9.298000000000002,20.473,0.0,-3.989,1.451,0.11000000000000032,0.555,-6.898000000000001
MEX,Mexico,2011,1.1149999999999998,-0.8879999999999999,-3.956000000000003,-9.536999999999999,21.538,0.0,-4.2010000000000005,1.479,0.11699999999999999,0.81,-6.477000000000001
MEX,Mexico,2012,1.192,-0.8079999999999998,-3.960000000000001,-9.386000000000003,21.735999999999997,0.0,-4.651999999999999,1.457,0.023999999999999577,0.823,-6.427999999999999
MEX,Mexico,2013,1.2429999999999999,-0.9060000000000001,-4.015999999999998,-9.569,21.97,0.0,-4.927,1.3130000000000002,0.15400000000000036,0.788,-6.052
MEX,Mexico,2014,1.2580000000000002,-0.952,-4.8749999999999964,-9.670000000000002,22.835,0.0,-4.855999999999999,1.3190000000000002,0.01100000000000012,0.9599999999999999,-6.03
MEX,Mexico,2015,1.2730000000000001,-0.8720000000000003,-4.280000000000001,-9.16,22.836,0.0,-5.686,1.168,0.0259999999999998,0.8690000000000001,-6.174
MEX,Mexico,2016,1.411,-0.6989999999999998,-2.6030000000000015,-10.552,21.563000000000002,0.0,-5.627000000000001,1.2939999999999998,0.11399999999999988,1.2000000000000002,-6.101
MEX,Mexico,2017,1.293,-0.6230000000000002,-2.2280000000000015,-9.418000000000001,17.54,0.0,-6.470999999999999,5.417,0.22599999999999998,0.43500000000000005,-6.169999999999999
MEX,Mexico,2018,1.2460000000000002,-0.645,-3.1509999999999962,-8.654,18.259999999999998,0.0,-6.656,5.277,0.15700000000000003,0.41900000000000004,-6.255999999999999
MEX,Mexico,2019,1.2379999999999998,-0.544,-3.958000000000002,-8.376,18.054,0.0,-6.662,5.195,0.09699999999999998,0.44700000000000006,-5.490000000000002
NLD,Netherlands,2010,0.06400000000000006,-0.11600000000000144,11.098000000000003,-12.899,12.113,0.0,-14.190000000000001,7.038,1.5299999999999998,0.5300000000000002,-5.17
NLD,Netherlands,2011,0.05300000000000016,0.09800000000000075,11.135999999999996,-12.71,11.994,0.0,-13.641,6.141,1.517,0.6450000000000005,-5.231999999999999
NLD,Netherlands,2012,0.121,-0.5220000000000002,11.178999999999998,-11.764,11.94,0.0,-13.188,5.981,1.583,0.7149999999999999,-6.0440000000000005
NLD,Netherlands,2013,0.039000000000000146,0.39400000000000013,11.420999999999996,-10.948,11.907,0.0,-12.661999999999999,3.858,2.706,0.3899999999999997,-7.104999999999999
NLD,Netherlands,2014,0.025000000000000133,0.6699999999999999,10.954999999999998,-10.385000000000002,11.235999999999999,0.0,-12.730999999999998,3.88,2.9949999999999997,0.2730000000000006,-6.9190000000000005
NLD,Netherlands,2015,-0.020000000000000018,0.8699999999999992,11.189000000000004,-9.547,10.892000000000001,0.0,-12.774,3.887,2.6820000000000004,0.383,-7.5600000000000005
NLD,Netherlands,2016,-0.05499999999999994,0.46799999999999997,10.972000000000001,-9.251,10.702,0.0,-13.213000000000001,4.26,2.758,0.7039999999999997,-7.345000000000001
NLD,Netherlands,2017,0.03299999999999992,0.5879999999999992,10.236,-8.677,10.85,0.0,-13.985,4.282,2.7860000000000005,0.891,-7.004
NLD,Netherlands,2018,0.11299999999999999,0.33800000000000097,9.759999999999998,-8.315999999999999,10.412,0.0,-14.217,4.726999999999999,2.7700000000000005,0.9690000000000003,-6.557
NLD,Netherlands,2019,0.04399999999999982,0.2469999999999999,8.819000000000003,-7.453,10.677999999999999,0.0,-13.811,5.234999999999999,2.827000000000001,0.5129999999999999,-7.102
NOR,Norway,2005,3.8009999999999997,-0.1850000000000005,3.708,-11.406,18.295,-0.16400000000000003,-25.326999999999998,9.020000000000001,,1.435,0.822000000000001
NOR,Norway,2010,-0.04600000000000004,-0.15700000000000003,3.3770000000000007,-10.822000000000001,18.012999999999998,0.09000000000000002,-20.784,6.66,,4.373,-0.7039999999999988
NOR,Norway,2011,0.040000000000000036,-0.4299999999999997,4.161999999999999,-10.080000000000002,21.761000000000003,0.10899999999999999,-19.727,,,4.564,-0.39899999999999913
NOR,Norway,2012,-0.14500000000000002,0.7140000000000004,3.6080000000000005,-9.688,23.089,0.04500000000000004,-21.711,,,5.054,-0.9649999999999999
NOR,Norway,2013,0.06699999999999995,-1.327,1.9130000000000003,-10.617,20.266,-0.03200000000000003,-21.093,5.304,1.0279999999999996,5.434000000000001,-0.9410000000000007
NOR,Norway,2014,-0.08599999999999997,-1.061,0.9619999999999997,-10.503,19.729,0.055999999999999994,-19.845,5.654,1.1079999999999997,5.282,-1.2939999999999987
NOR,Norway,2015,-0.21500000000000008,-0.06400000000000006,1.7200000000000006,-10.518,19.6,0.07999999999999996,-20.348999999999997,5.484,0.6819999999999995,4.848999999999999,-1.2690000000000001
NOR,Norway,2016,0.20399999999999996,0.15999999999999837,0.8710000000000004,-9.956000000000001,18.677,-0.03999999999999998,-20.963,5.705,1.3710000000000004,5.016,-1.0440000000000005
NOR,Norway,2017,0.07199999999999995,-0.24599999999999955,0.6960000000000015,-9.174000000000001,18.887999999999998,-0.0040000000000000036,-19.728,6.453,1.2530000000000001,4.048,-2.2589999999999986
NOR,Norway,2018,-0.061000000000000054,-0.33800000000000097,0.4930000000000021,-9.449,18.386,0.032,-19.707,6.499,1.6099999999999999,3.8389999999999995,-1.3040000000000003
NOR,Norway,2019,0.05999999999999994,-0.5119999999999996,2.099999999999998,-9.790999999999999,17.101,-0.006000000000000005,-19.635,6.750000000000001,1.7160000000000002,4.045,-1.8299999999999983
NZL,New Zealand,2005,0.6599999999999999,-1.4570000000000007,3.6169999999999973,-9.954,7.724000000000001,0.015,-11.171,10.767,1.6060000000000008,0.6399999999999997,-2.4459999999999997
NZL,New Zealand,2010,0.2549999999999999,-0.03200000000000003,4.620999999999999,-12.250999999999998,9.396,0.026000000000000002,-12.347,8.979,1.7700000000000005,1.6220000000000008,-2.0380000000000003
NZL,New Zealand,2011,0.009000000000000119,-0.629999999999999,6.001000000000001,-12.528,9.182,0.038,-11.359000000000002,8.664,1.2359999999999998,1.9050000000000002,-2.5180000000000007
NZL,New Zealand,2012,-0.09499999999999997,-0.49799999999999933,6.154,-12.969999999999999,9.133000000000001,0.015000000000000001,-11.593000000000002,9.469999999999999,1.6360000000000001,1.9260000000000002,-3.1790000000000003
NZL,New Zealand,2013,-0.15600000000000014,-0.2759999999999998,5.724,-12.298000000000002,9.666,0.030999999999999996,-12.238999999999999,9.433,1.7389999999999999,1.4859999999999998,-3.112
NZL,New Zealand,2014,-0.18500000000000005,-1.5920000000000005,6.093,-10.629,10.258,0.014000000000000002,-12.402,9.127,1.2610000000000001,1.5220000000000002,-3.4669999999999996
NZL,New Zealand,2015,-0.266,-1.6639999999999997,7.054000000000002,-10.209,9.765999999999998,0.0,-13.543000000000001,9.824,1.0549999999999997,1.4589999999999996,-3.4749999999999996
NZL,New Zealand,2016,,,,,,,,,,,
NZL,New Zealand,2017,-0.5300000000000002,-0.7999999999999989,4.484999999999999,-9.401,10.511,-0.138,-13.407999999999998,10.242999999999999,0.7839999999999998,1.7079999999999993,-3.4530000000000003
NZL,New Zealand,2018,,,,,,,,,,,
NZL,New Zealand,2019,-1.032,-0.6820000000000004,3.088000000000001,-7.430999999999999,11.148,-0.05800000000000001,-13.309,9.685,0.7480000000000002,1.0520000000000005,-3.210000000000001
OAVG,OECD - Average,2013,0.577,-3.213000000000001,-0.07600000000000051,-8.826,19.217000000000002,0.0,-12.122,5.584,1.343,1.0430000000000001,-3.328000000000001
OAVG,OECD - Average,2014,0.44700000000000006,-3.532,-0.277000000000001,-8.599,18.598,0.002,-11.315999999999999,5.729,0.9030000000000005,1.2299999999999995,-3.2720000000000002
OAVG,OECD - Average,2015,0.42199999999999993,-3.372,0.2729999999999997,-8.795,18.591,-0.0010000000000000009,-11.493000000000002,5.873,0.9740000000000002,1.1829999999999998,-3.4849999999999994
OAVG,OECD - Average,2016,0.5819999999999999,-3.2379999999999995,0.16900000000000048,-8.748000000000001,18.709,-0.010000000000000002,-11.448000000000002,5.82,1.0390000000000006,0.9219999999999997,-3.633
OAVG,OECD - Average,2017,0.516,-3.0619999999999994,0.1680000000000028,-8.663999999999998,18.206,-0.014999999999999996,-11.924,6.274,1.1820000000000004,0.9950000000000001,-3.5060000000000002
OAVG,OECD - Average,2018,0.4019999999999999,-3.2809999999999997,0.44399999999999906,-8.635,18.186,-0.006000000000000005,-11.762,6.3759999999999994,1.0119999999999996,1.0220000000000002,-3.5810000000000004
OAVG,OECD - Average,2019,0.3570000000000002,-3.0459999999999994,0.5019999999999989,-8.658000000000001,18.002,-0.016,-12.03,6.565,0.9279999999999999,1.117,-3.545
POL,Poland,2005,0.8780000000000001,-7.442,,-19.591,26.019,0.0,-2.138,,-1.2090000000000005,3.485000000000001,
POL,Poland,2014,0.554,-4.7700000000000005,-7.093999999999998,,15.512000000000002,0.0,-6.584,6.627,-1.6150000000000002,2.6320000000000006,-5.263
POL,Poland,2015,0.9159999999999999,-3.2719999999999994,-2.8369999999999997,-11.969999999999999,16.753,0.0,-5.598000000000001,6.279,-1.0949999999999998,3.6180000000000003,-2.7929999999999993
POL,Poland,2016,0.776,-3.147000000000001,-2.932000000000002,-12.638,16.445,0.0,-4.686999999999999,6.615,-1.1630000000000003,2.8249999999999993,-2.096
POL,Poland,2017,0.6349999999999998,-3.05,-3.2880000000000003,-12.495,16.137,0.0,-4.079000000000001,6.857000000000001,-0.8820000000000001,3.162,-2.998
POL,Poland,2018,0.7199999999999998,-2.792,-2.2349999999999994,-14.130999999999998,15.15,0.0,-4.082999999999998,7.302999999999999,-0.694,3.3050000000000006,-2.5390000000000006
POL,Poland,2019,0.7409999999999999,-2.603999999999999,-1.5229999999999997,-12.815999999999999,14.723000000000003,0.0,-5.999999999999998,7.649,-0.649,3.0860000000000003,-2.607
PRT,Portugal,2005,0.528,-0.45199999999999996,1.2699999999999996,-12.8,20.558999999999997,0.0,-12.075,2.5260000000000002,0.10299999999999976,2.542,-2.202
PRT,Portugal,2010,0.11300000000000021,-0.3930000000000007,1.0970000000000013,-8.956999999999999,22.675000000000004,0.0,-15.394000000000002,2.025,-0.44599999999999973,4.091,-4.8100000000000005
PRT,Portugal,2011,0.1549999999999998,-0.14899999999999913,0.9749999999999979,-7.051,22.476999999999997,0.0,-15.934,2.042,-0.8400000000000007,3.274,-4.949
PRT,Portugal,2012,0.062000000000000055,0.11800000000000033,0.6729999999999983,-7.797999999999999,22.860999999999997,0.0,-14.766,2.098,-0.9499999999999993,2.668,-4.966000000000001
PRT,Portugal,2013,-0.11699999999999999,-0.19100000000000072,0.03399999999999892,-7.603999999999999,22.517,0.0,-14.679000000000002,2.0189999999999997,-0.8650000000000002,3.342,-4.458
PRT,Portugal,2014,-0.23199999999999998,-0.5199999999999996,0.038000000000000256,-6.470000000000001,22.07,0.0,-15.193,1.83,-1.0,3.604,-4.128
PRT,Portugal,2015,-0.3540000000000001,-0.7880000000000003,-0.04299999999999926,-6.984999999999999,22.342,0.0,-14.667,1.8320000000000003,-0.6349999999999998,3.6690000000000005,-4.3740000000000006
PRT,Portugal,2016,-0.43100000000000005,-1.1270000000000007,-0.629999999999999,-5.147,22.501999999999995,0.0,-14.085,1.7030000000000003,-0.7850000000000001,3.101,-5.101000000000001
PRT,Portugal,2017,-0.016999999999999904,-1.620000000000001,-1.783999999999999,-4.359,21.951,0.0,-14.258,3.1879999999999997,-1.0819999999999999,3.378,-5.397
PRT,Portugal,2018,-0.35599999999999987,-0.9719999999999995,-1.5760000000000005,-3.996,21.221000000000004,0.0,-14.708,3.553,-0.8580000000000005,3.4179999999999993,-5.728000000000001
PRT,Portugal,2019,-0.46799999999999997,-1.8200000000000003,-1.8739999999999988,-3.9609999999999994,21.433999999999997,0.0,-14.770000000000001,3.815,-0.3260000000000005,3.5920000000000005,-5.623
RUS,Russia,2013,,,,,,,,,,,
RUS,Russia,2014,,,,,,,,,,,
RUS,Russia,2015,,,,,,,,,,,
RUS,Russia,2016,,,,,,,,,,,
RUS,Russia,2017,,,,,,,,,,,
RUS,Russia,2018,,,,,,,,,,,
RUS,Russia,2019,,,,,,,,,,,
SAU,Saudi Arabia,2013,0.542,-32.14699999999999,,-0.5510000000000002,33.403,,0.49900000000000055,,,-1.746,
SAU,Saudi Arabia,2014,0.456,-29.67,,0.44399999999999906,31.006000000000004,,-0.34299999999999997,,,-1.8929999999999998,
SAU,Saudi Arabia,2015,0.16400000000000003,-13.754000000000001,10.906,-5.5859999999999985,15.265999999999998,,-0.8300000000000001,2.6739999999999995,-6.371,-1.125,-1.3449999999999998
SAU,Saudi Arabia,2016,0.27899999999999997,-11.542000000000002,11.392000000000001,-8.633000000000001,14.802000000000001,,-1.2110000000000003,2.277000000000001,-5.246,-0.9650000000000001,-1.152000000000001
SAU,Saudi Arabia,2017,0.28300000000000003,-9.381,10.370000000000001,-7.357,12.835,,-0.9680000000000009,1.8260000000000005,-4.577999999999999,-1.452,-1.5760000000000005
SAU,Saudi Arabia,2018,0.209,-9.612000000000002,9.152999999999999,-10.58,16.133000000000003,,-1.8130000000000006,1.8260000000000005,-3.994999999999999,-0.749,-0.5709999999999997
SAU,Saudi Arabia,2019,0.256,-10.857,10.344999999999999,-9.46,14.862,,-0.9130000000000003,2.169999999999999,-4.928999999999999,-0.9569999999999999,-0.5190000000000001
SVK,Slovak Republic,2013,0.40600000000000014,-1.7989999999999995,-2.353999999999999,-7.85,19.761,0.0,-14.792999999999997,5.595,-0.03799999999999937,5.487,-4.414
SVK,Slovak Republic,2014,0.2570000000000001,-1.3369999999999997,-2.804000000000002,-8.344000000000001,18.601,0.0,-13.254999999999999,5.761,-0.3130000000000006,5.873999999999999,-4.439
SVK,Slovak Republic,2015,0.0950000000000002,-1.7340000000000009,-2.237000000000002,-9.461,18.634999999999998,0.0,-12.229,6.149,-0.41999999999999993,5.63,-4.429
SVK,Slovak Republic,2016,0.12700000000000022,-1.6349999999999998,-1.7300000000000004,-10.379000000000001,18.294,0.0,-11.654,6.732,-0.7229999999999999,5.536,-4.568
SVK,Slovak Republic,2017,0.31499999999999995,-1.8969999999999994,-2.902000000000001,-10.465999999999998,17.861,0.0,-11.163,7.199999999999999,-0.2629999999999999,5.344,-4.030000000000001
SVK,Slovak Republic,2018,0.371,-1.5040000000000004,-1.9870000000000019,-11.559,18.177,0.0,-10.408000000000001,7.877,-0.6679999999999993,4.5809999999999995,-4.881
SVK,Slovak Republic,2019,0.015000000000000124,-2.099000000000001,-2.0330000000000013,-10.635,17.971,0.0,-10.779,7.801000000000001,-0.8129999999999997,4.889,-4.317
SVN,Slovenia,2012,0.1509999999999998,-4.061,-10.621000000000002,-7.737,25.924000000000003,0.0,-8.325,7.240999999999999,-0.4590000000000005,3.0090000000000003,-5.120000000000001
SVN,Slovenia,2013,0.08899999999999997,-4.249,-8.258000000000003,-10.795,25.844,0.0,-8.109,7.7299999999999995,-0.02600000000000069,2.151,-4.377000000000001
SVN,Slovenia,2014,0.5209999999999999,-3.685999999999999,-7.619,-11.504000000000001,23.932,0.0,-8.081,7.908,-0.0909999999999993,3.4320000000000004,-4.812000000000001
SVN,Slovenia,2015,-0.10000000000000009,-3.9849999999999994,-6.339000000000002,-10.977,23.764,0.0,-7.568,6.444,-0.38399999999999945,3.652,-4.507
SVN,Slovenia,2016,0.27900000000000036,-4.714,-5.601999999999997,-10.893,25.087,0.0,-6.882999999999999,6.332,-0.6379999999999999,1.8209999999999997,-4.7879999999999985
SVN,Slovenia,2017,0.2799999999999998,-2.5580000000000007,-3.7970000000000006,-13.511000000000001,24.137999999999998,0.0,-8.627,7.3020000000000005,-0.03300000000000036,0.8109999999999999,-4.0040000000000004
SVN,Slovenia,2018,-0.6520000000000001,-2.6659999999999995,-4.550999999999998,-12.370999999999999,23.75,0.0,-8.568,6.579,0.14000000000000057,2.170000000000001,-3.83
SVN,Slovenia,2019,0.4710000000000001,-3.306000000000001,-4.851000000000001,-13.363,24.929000000000002,0.0,-9.189,7.6610000000000005,-0.742,2.993999999999999,-4.606999999999999
SWE,Sweden,2013,-0.07199999999999995,0.484,0.22100000000000009,-11.305000000000001,24.696999999999996,0.0,-18.994999999999997,5.205,2.195,-0.17099999999999982,-2.257999999999999
SWE,Sweden,2014,-0.16200000000000003,-0.04999999999999982,0.35800000000000054,-10.998000000000001,24.090000000000003,0.0,-18.593000000000004,5.588,1.8020000000000005,-0.5489999999999997,-1.4869999999999983
SWE,Sweden,2015,-0.08700000000000008,-0.2999999999999998,0.013999999999999346,-9.146,24.216,0.0,-18.005000000000003,5.08,1.597,-0.09600000000000009,-3.2729999999999997
SWE,Sweden,2016,-0.038000000000000034,0.07600000000000051,-0.2569999999999979,-9.703999999999999,23.866,0.0,-17.988999999999997,5.434,1.5079999999999996,-0.22199999999999998,-2.6740000000000013
SWE,Sweden,2017,-0.14400000000000002,-0.1429999999999998,-1.4619999999999997,-9.091000000000001,23.572999999999997,0.0,-18.211,5.826,1.923,-0.16599999999999993,-2.106
SWE,Sweden,2018,-0.28,0.2760000000000007,-1.1020000000000003,-9.71,23.353,0.0,-17.826,5.779999999999999,1.5839999999999996,0.258,-2.331999999999999
SWE,Sweden,2019,-0.14500000000000002,-0.02200000000000024,-1.3379999999999992,-10.091,23.224,0.0,-17.015,5.447,1.8359999999999999,0.20699999999999985,-2.1020000000000003
TUR,Turkey,2005,-0.18699999999999983,-1.0380000000000003,-2.3900000000000006,-7.912000000000001,13.723,0.0,-6.226,0.5249999999999999,-0.9619999999999997,4.800000000000001,-0.3330000000000002
TUR,Turkey,2010,-1.0899999999999999,-1.5300000000000002,-2.088000000000001,-5.247,11.088999999999999,0.0,-4.206,1.5429999999999997,-0.5229999999999997,3.695,-1.6430000000000007
TUR,Turkey,2011,-0.21700000000000008,-3.311,-2.3659999999999997,-5.75,11.578999999999999,0.0,-3.2350000000000003,1.693,-1.814,3.9139999999999997,-0.492
TUR,Turkey,2012,0.2749999999999999,-3.1419999999999995,-1.8079999999999998,-5.4399999999999995,11.020999999999999,0.0,-3.7270000000000003,1.7839999999999998,-2.1399999999999997,3.8780000000000006,-0.6990000000000007
TUR,Turkey,2013,0.2749999999999999,-3.1419999999999995,-1.8079999999999998,-5.4399999999999995,11.020999999999999,0.0,-3.7270000000000003,1.7839999999999998,-2.1399999999999997,3.8780000000000006,-0.6990000000000007
TUR,Turkey,2014,0.5810000000000004,-5.694000000000001,3.426000000000002,-6.152999999999999,11.97,0.0,-4.629,1.3449999999999998,-1.5389999999999997,1.8239999999999994,-1.1290000000000004
TUR,Turkey,2015,0.601,-6.549,6.442,-7.650999999999999,11.440999999999999,0.0,-5.059,1.25,-1.2970000000000002,1.8660000000000005,-1.043000000000001
TUR,Turkey,2016,0.778,-5.716000000000001,4.737000000000002,-8.263,12.638000000000002,0.0,-6.172,1.2309999999999999,-0.706,2.948,-1.4760000000000009
TUR,Turkey,2017,0.994,-5.250000000000001,3.8830000000000027,-8.094,13.488000000000001,0.0,-7.1419999999999995,1.386,-0.5650000000000004,2.734,-1.4370000000000003
TUR,Turkey,2018,0.921,-5.437999999999999,4.6590000000000025,-8.571,13.604,0.0,-8.068000000000001,1.5980000000000003,-0.43000000000000016,2.9859999999999998,-1.262999999999999
TUR,Turkey,2019,1.0730000000000002,-4.7669999999999995,5.583000000000002,-3.5300000000000002,12.649000000000001,0.0,-13.487,1.597,-0.41999999999999993,2.6419999999999995,-1.338
USA,United States,2005,0.42199999999999993,-2.405000000000001,5.584999999999997,-8.023,11.053,0.0,-11.446000000000002,5.375,1.0999999999999996,1.5360000000000005,-3.193999999999999
USA,United States,2010,0.33499999999999996,-1.0719999999999992,6.265999999999998,-7.416,10.636,0.0,-13.742,4.506,1.6269999999999998,1.7279999999999998,-2.870000000000001
USA,United States,2011,0.31299999999999994,-1.0070000000000014,6.020999999999997,-7.2509999999999994,10.905,0.0,-14.224,4.708,1.609,1.8290000000000006,-2.901
USA,United States,2012,0.30999999999999994,-1.019000000000002,6.006,-6.779999999999999,10.67,0.0,-14.791,4.933999999999999,1.7080000000000002,1.867,-2.904
USA,United States,2013,0.273,-0.9469999999999992,6.042000000000002,-6.396,10.461,0.0,-15.210999999999999,5.035,1.8200000000000003,1.9740000000000002,-3.0519999999999996
USA,United States,2014,0.248,-0.9929999999999986,6.096999999999998,-5.99,10.483,0.0,-15.674,5.13,1.8490000000000002,2.0230000000000006,-3.171999999999999
USA,United States,2015,0.264,-1.1550000000000011,6.006999999999998,-5.677,10.694,0.0,-16.009,5.317,1.8369999999999997,1.9090000000000007,-3.186
USA,United States,2016,0.23299999999999998,-1.3190000000000026,6.279,-5.505000000000001,10.830000000000002,0.0,-16.101,5.418,1.7680000000000007,1.7809999999999997,-3.3840000000000003
USA,United States,2017,0.19999999999999996,-1.5229999999999997,6.408999999999999,-5.548000000000001,11.078999999999999,0.0,-16.189999999999998,5.808,1.62,1.6790000000000003,-3.535
USA,United States,2018,0.18799999999999994,-1.6000000000000014,6.5440000000000005,-5.464,11.076,0.0,-16.249000000000002,5.979,1.4909999999999997,1.6239999999999997,-3.587999999999999
USA,United States,2019,0.16300000000000003,-1.5340000000000025,6.7330000000000005,-5.4990000000000006,10.958,0.0,-16.277,6.1690000000000005,1.3839999999999995,1.4800000000000004,-3.5759999999999987
ZAF,South Africa,2013,2.354,0.552999999999999,,-23.791999999999998,28.307000000000002,,-6.839000000000002,,,-0.584,
ZAF,South Africa,2014,0.7479999999999998,-0.5960000000000001,4.483000000000004,-11.525,10.888000000000002,,-3.9730000000000008,2.947,1.8449999999999998,-0.31800000000000006,-4.5
ZAF,South Africa,2015,0.8119999999999998,-0.44599999999999973,4.6179999999999986,-11.303,10.647,,-4.291,2.8209999999999997,2.1609999999999996,-0.30699999999999994,-4.712999999999999
ZAF,South Africa,2016,0.8580000000000001,0.0519999999999996,5.417000000000002,-12.261999999999999,10.245999999999999,,-3.7559999999999993,3.0969999999999995,1.5250000000000012,-0.32300000000000006,-4.854000000000001
ZAF,South Africa,2017,0.7710000000000001,-0.133,5.5290000000000035,-12.048,9.943000000000001,,-3.83,3.097,1.5359999999999996,-0.31000000000000005,-4.554999999999998
ZAF,South Africa,2018,0.726,0.24099999999999966,5.4830000000000005,-12.881000000000002,9.705,,-3.2199999999999998,2.967,1.8689999999999998,-0.332,-4.558000000000002
